Serial no,Game Name,Start Date,End Date,GenreorDescription,Free Days,Genre Category
14,"City of Brass",2019-05-30 00:00:00.000,2019-06-06 00:00:00.000,"first-person rogue-lite.",7,"Other"
16,"Enter the Gungeon",2019-06-13 00:00:00.000,2019-06-20 00:00:00.000,"bullet-hell rogue-lite.",7,"Other"
17,"Rebel Galaxy",2019-06-20 00:00:00.000,2019-06-27 00:00:00.000,"space combat / trading.",7,"Other"
19,"Overcooked!",2019-07-04 00:00:00.000,2019-07-11 00:00:00.000,"co-op cooking game.",7,"Other"
21,"Limbo",2019-07-18 00:00:00.000,2019-07-25 00:00:00.000,"platformer.",7,"Other"
23,"This War of Mine",2019-07-25 00:00:00.000,2019-08-01 00:00:00.000,"war survival sim.",7,"Other"
25,"For Honor",2019-08-02 00:00:00.000,2019-08-09 00:00:00.000,"multiplayer melee combat.",7,"Other"
31,"Celeste",2019-08-29 00:00:00.000,2019-09-05 00:00:00.000,"precision platformer.",7,"Other"
32,"The End is Nigh",2019-09-05 00:00:00.000,2019-09-12 00:00:00.000,"platformer.",7,"Other"
33,"ABZU",2019-09-05 00:00:00.000,2019-09-12 00:00:00.000,"underwater exploration.",7,"Other"
35,"Batman: Arkham Collection",2019-09-19 00:00:00.000,2019-09-26 00:00:00.000,"aaa bundle.",7,"Other"
36,"LEGO Batman Trilogy",2019-09-19 00:00:00.000,2019-09-26 00:00:00.000,"family platformers.",7,"Other"
37,"Everything",2019-09-26 00:00:00.000,2019-10-03 00:00:00.000,"experimental sim.",7,"Other"
40,"Surviving Mars",2019-10-10 00:00:00.000,2019-10-17 00:00:00.000,"colony builder.",7,"Other"
47,"The Messenger",2019-11-14 00:00:00.000,2019-11-21 00:00:00.000,"ninja platformer.",7,"Other"
49,"Rayman Legends",2019-11-29 00:00:00.000,2019-12-06 00:00:00.000,"platformer.",7,"Other"
51,"The Escapists",2019-12-12 00:00:00.000,2019-12-19 00:00:00.000,"weekly free before holiday daily run.",7,"Other"
69,"Sundered: Eldritch Edition",2020-01-09 00:00:00.000,2020-01-16 00:00:00.000,"metroidvania.",7,"Other"
72,"Farming Simulator 19",2020-01-30 00:00:00.000,2020-02-06 00:00:00.000,"farming sim.",7,"Other"
73,"Ticket to Ride",2020-02-06 00:00:00.000,2020-02-13 00:00:00.000,"board game adaptation.",7,"Other"
74,"Carcassonne",2020-02-06 00:00:00.000,2020-02-13 00:00:00.000,"board game adaptation.",7,"Other"
77,"Faeria",2020-02-20 00:00:00.000,2020-02-27 00:00:00.000,"card/board hybrid.",7,"Other"
79,"InnerSpace",2020-02-27 00:00:00.000,2020-03-05 00:00:00.000,"exploration.",7,"Other"
80,"GoNNER",2020-03-05 00:00:00.000,2020-03-12 00:00:00.000,"roguelike platformer.",7,"Other"
81,"Offworld Trading Company",2020-03-05 00:00:00.000,2020-03-12 00:00:00.000,"economic rts.",7,"Other"
83,"A Short Hike",2020-03-12 00:00:00.000,2020-03-19 00:00:00.000,"exploration.",7,"Other"
86,"The Stanley Parable",2020-03-19 00:00:00.000,2020-03-26 00:00:00.000,"narrative experiment.",7,"Other"
90,"Drawful 2",2020-04-02 00:00:00.000,2020-04-09 00:00:00.000,"party game.",7,"Other"
91,"Gone Home",2020-04-02 00:00:00.000,2020-04-09 00:00:00.000,"narrative exploration.",7,"Other"
96,"Wheels of Aurelia",2020-04-16 00:00:00.000,2020-04-23 00:00:00.000,"narrative driving.",7,"Other"
101,"Grand Theft Auto V",2020-05-14 00:00:00.000,2020-05-21 00:00:00.000,"first time gta v went free.",7,"Other"
103,"Borderlands: The Handsome Collection",2020-05-28 00:00:00.000,2020-06-04 00:00:00.000,"borderlands 2 + pre-sequel bundle.",7,"Other"
104,"Overcooked! (repeat)",2020-06-04 00:00:00.000,2020-06-11 00:00:00.000,"co‑op cooking, return giveaway.",7,"Other"
105,"Ark: Survival Evolved",2020-06-11 00:00:00.000,2020-06-18 00:00:00.000,"survival sandbox.",7,"Other"
106,"Samurai Shodown NeoGeo Collection",2020-06-11 00:00:00.000,2020-06-18 00:00:00.000,"classic fighters collection.",7,"Other"
108,"AER: Memories of Old",2020-06-25 00:00:00.000,2020-07-02 00:00:00.000,"exploration / flying.",7,"Other"
113,"The Escapists 2",2020-07-09 00:00:00.000,2020-07-16 00:00:00.000,"prison break sim.",7,"Other"
116,"Tacoma",2020-07-23 00:00:00.000,2020-07-30 00:00:00.000,"narrative exploration.",7,"Other"
118,"Barony",2020-07-30 00:00:00.000,2020-08-06 00:00:00.000,"first‑person roguelike.",7,"Other"
124,"Enter the Gungeon (repeat)",2020-08-20 00:00:00.000,2020-08-27 00:00:00.000,"bullet‑hell rogue‑lite.",7,"Other"
126,"Hitman (2016)",2020-08-27 00:00:00.000,2020-09-03 00:00:00.000,"stealth sandbox.",7,"Other"
127,"Shadowrun Collection",2020-08-27 00:00:00.000,2020-09-03 00:00:00.000,"shadowrun returns + sequels.",7,"Other"
128,"Into the Breach (repeat)",2020-09-03 00:00:00.000,2020-09-10 00:00:00.000,"tactics roguelike.",7,"Other"
129,"Railway Empire",2020-09-10 00:00:00.000,2020-09-17 00:00:00.000,"train tycoon sim.",7,"Other"
131,"Stick It To The Man!",2020-09-17 00:00:00.000,2020-09-24 00:00:00.000,"comedy platformer.",7,"Other"
132,"Football Manager 2020",2020-09-17 00:00:00.000,2020-09-24 00:00:00.000,"football management sim.",7,"Other"
134,"RollerCoaster Tycoon 3: Complete Edition",2020-09-24 00:00:00.000,2020-10-01 00:00:00.000,"park sim.",7,"Other"
136,"ABZÛ (repeat)",2020-10-08 00:00:00.000,2020-10-15 00:00:00.000,"underwater exploration.",7,"Other"
144,"Dungeons 3",2020-11-05 00:00:00.000,2020-11-12 00:00:00.000,"dungeon management rts.",7,"Other"
145,"The Textorcist: The Story of Ray Bibbia",2020-11-12 00:00:00.000,2020-11-19 00:00:00.000,"bullet‑hell typing game.",7,"Other"
146,"Elite Dangerous",2020-11-19 00:00:00.000,2020-11-26 00:00:00.000,"space sim.",7,"Other"
148,"MudRunner",2020-11-26 00:00:00.000,2020-12-03 00:00:00.000,"off‑road sim.",7,"Other"
149,"Cave Story+",2020-12-03 00:00:00.000,2020-12-10 00:00:00.000,"classic platformer.",7,"Other"
166,"Jurassic World Evolution",2020-12-31 00:00:00.000,2021-01-07 00:00:00.000,"park management.",7,"Other"
167,"Crying Suns",2021-01-07 00:00:00.000,2021-01-14 00:00:00.000,"tactical roguelite.",7,"Other"
170,"Dandara: Trials of Fear Edition",2021-01-28 00:00:00.000,2021-02-04 00:00:00.000,"metroidvania.",7,"Other"
174,"Absolute Drift",2021-02-18 00:00:00.000,2021-02-25 00:00:00.000,"driving.",7,"Other"
176,"Sunless Sea",2021-02-25 00:00:00.000,2021-03-04 00:00:00.000,"narrative exploration.",7,"Other"
177,"Wargame: Red Dragon",2021-03-04 00:00:00.000,2021-03-11 00:00:00.000,"rts.",7,"Other"
178,"Surviving Mars (repeat)",2021-03-11 00:00:00.000,2021-03-18 00:00:00.000,"colony builder.",7,"Other"
179,"The Fall",2021-03-18 00:00:00.000,2021-03-25 00:00:00.000,"story platformer.",7,"Other"
183,"Deponia: The Complete Journey",2021-04-15 00:00:00.000,2021-04-22 00:00:00.000,"point‑and‑click trilogy.",7,"Other"
185,"The First Tree",2021-04-15 00:00:00.000,2021-04-22 00:00:00.000,"narrative exploration.",7,"Other"
188,"Idle Champions of the Forgotten Realms (pack)",2021-04-29 00:00:00.000,2021-05-06 00:00:00.000,"f2p bonus pack.",7,"Other"
192,"Among Us",2021-05-27 00:00:00.000,2021-06-03 00:00:00.000,"social deduction.",7,"Other"
193,"Frostpunk",2021-06-03 00:00:00.000,2021-06-10 00:00:00.000,"city‑builder survival.",7,"Other"
196,"Overcooked! 2",2021-06-17 00:00:00.000,2021-06-24 00:00:00.000,"co‑op cooking.",7,"Other"
197,"Horizon Chase Turbo",2021-06-24 00:00:00.000,2021-07-01 00:00:00.000,"arcade racer.",7,"Other"
198,"Sonic Mania",2021-06-24 00:00:00.000,2021-07-01 00:00:00.000,"platformer.",7,"Other"
201,"Ironcast",2021-07-08 00:00:00.000,2021-07-15 00:00:00.000,"match‑3 mech tactics.",7,"Other"
203,"Offworld Trading Company (repeat)",2021-07-15 00:00:00.000,2021-07-22 00:00:00.000,"economic rts.",7,"Other"
204,"Defense Grid: The Awakening (repeat)",2021-07-22 00:00:00.000,2021-07-29 00:00:00.000,"tower defense.",7,"Other"
207,"Train Sim World 2",2021-07-29 00:00:00.000,2021-08-05 00:00:00.000,"train sim.",7,"Other"
210,"Rebel Galaxy (repeat)",2021-08-12 00:00:00.000,2021-08-19 00:00:00.000,"space combat/trading.",7,"Other"
212,"Yooka-Laylee",2021-08-19 00:00:00.000,2021-08-26 00:00:00.000,"3d platformer.",7,"Other"
215,"Yoku’s Island Express",2021-09-02 00:00:00.000,2021-09-09 00:00:00.000,"pinball‑platformer hybrid.",7,"Other"
216,"Sheltered",2021-09-09 00:00:00.000,2021-09-16 00:00:00.000,"survival management.",7,"Other"
218,"Speed Brawl",2021-09-16 00:00:00.000,2021-09-23 00:00:00.000,"2d combat racer.",7,"Other"
219,"Tharsis",2021-09-16 00:00:00.000,2021-09-23 00:00:00.000,"dice‑based space survival.",7,"Other"
220,"The Escapists (repeat)",2021-09-23 00:00:00.000,2021-09-30 00:00:00.000,"prison escape sim.",7,"Other"
222,"PC Building Simulator",2021-10-07 00:00:00.000,2021-10-14 00:00:00.000,"pc repair/assembly sim.",7,"Other"
226,"Aven Colony",2021-11-04 00:00:00.000,2021-11-11 00:00:00.000,"sci‑fi city‑builder.",7,"Other"
227,"Tiny Tina’s Assault on Dragon Keep: A Wonderlands One-shot Adventure",2021-11-11 00:00:00.000,2021-11-18 00:00:00.000,"borderlands standalone episode.",7,"Other"
228,"Rogue Company Season 4 Epic Pack (DLC)",2021-11-11 00:00:00.000,2021-11-18 00:00:00.000,"f2p content pack.",7,"Other"
229,"Guild of Dungeoneering",2021-11-18 00:00:00.000,2021-11-25 00:00:00.000,"card‑based dungeon crawler.",7,"Other"
230,"KID A MNESIA EXHIBITION",2021-11-18 00:00:00.000,2021-11-25 00:00:00.000,"interactive radiohead exhibit.",7,"Other"
232,"Antstream – Epic Welcome Pack",2021-11-25 00:00:00.000,2021-12-02 00:00:00.000,"retro streaming pack.",7,"Other"
233,"theHunter: Call of the Wild",2021-11-25 00:00:00.000,2021-12-02 00:00:00.000,"hunting sim.",7,"Other"
236,"Godfall: Challenger Edition",2021-12-09 00:00:00.000,2021-12-16 00:00:00.000,"loot‑slasher edition.",7,"Other"
237,"Prison Architect",2021-12-09 00:00:00.000,2021-12-16 00:00:00.000,"prison management sim.",7,"Other"
252,"Tomb Raider Trilogy (Tomb Raider GOTY, Rise of the Tomb Raider, Shadow of the Tomb Raider)",2021-12-30 00:00:00.000,2022-01-06 00:00:00.000,"full reboot trilogy bundle.",7,"Other"
257,"Yooka-Laylee and the Impossible Lair (repeat)",2022-02-03 00:00:00.000,2022-02-10 00:00:00.000,"2.5d platformer.",7,"Other"
263,"Cities: Skylines (repeat)",2022-03-10 00:00:00.000,2022-03-17 00:00:00.000,"city‑builder.",7,"Other"
265,"Demon’s Tilt",2022-03-24 00:00:00.000,2022-03-31 00:00:00.000,"pinball shmup.",7,"Other"
268,"Rogue Legacy",2022-04-07 00:00:00.000,2022-04-14 00:00:00.000,"roguelite platformer.",7,"Other"
270,"Insurmountable",2022-04-14 00:00:00.000,2022-04-21 00:00:00.000,"mountain‑climbing roguelike.",7,"Other"
274,"Just Die Already",2022-04-28 00:00:00.000,2022-05-05 00:00:00.000,"elderly mayhem sandbox.",7,"Other"
275,"Paradigm",2022-04-28 00:00:00.000,2022-05-05 00:00:00.000,"point‑and‑click.",7,"Other"
276,"Terraforming Mars",2022-05-05 00:00:00.000,2022-05-12 00:00:00.000,"board‑game adaptation.",7,"Other"
278,"Redout: Enhanced Edition",2022-05-12 00:00:00.000,2022-05-19 00:00:00.000,"futuristic racer.",7,"Other"
280,"Bioshock: The Collection",2022-05-26 00:00:00.000,2022-06-02 00:00:00.000,"bioshock trilogy.",7,"Other"
285,"Car Mechanic Simulator 2018",2022-06-23 00:00:00.000,2022-06-30 00:00:00.000,"workshop sim.",7,"Other"
287,"Iratus: Lord of the Dead",2022-06-30 00:00:00.000,2022-07-07 00:00:00.000,"darkest‑dungeon‑like.",7,"Other"
289,"Ancient Enemy",2022-07-07 00:00:00.000,2022-07-14 00:00:00.000,"card battler.",7,"Other"
290,"Wonder Boy: The Dragon’s Trap",2022-07-14 00:00:00.000,2022-07-21 00:00:00.000,"platformer remake.",7,"Other"
291,"Shop Titans (bundle)",2022-07-14 00:00:00.000,2022-07-21 00:00:00.000,"f2p pack.",7,"Other"
293,"Lawn Mowing Simulator",2022-07-28 00:00:00.000,2022-08-04 00:00:00.000,"mowing sim.",7,"Other"
294,"Unrailed!",2022-08-04 00:00:00.000,2022-08-11 00:00:00.000,"co‑op track‑building.",7,"Other"
295,"Cook, Serve, Delicious! 3?!",2022-08-11 00:00:00.000,2022-08-18 00:00:00.000,"cooking management.",7,"Other"
296,"Rumbleverse Boom Boxer Pack (DLC)",2022-08-18 00:00:00.000,2022-08-25 00:00:00.000,"cosmetics pack.",7,"Other"
298,"Ring of Pain",2022-08-25 00:00:00.000,2022-09-01 00:00:00.000,"card roguelike.",7,"Other"
299,"Destiny 2: Bungie 30th Anniversary Pack",2022-08-25 00:00:00.000,2022-09-01 00:00:00.000,"dlc expansion.",7,"Other"
301,"Submerged: Hidden Depths",2022-09-01 00:00:00.000,2022-09-08 00:00:00.000,"third‑person exploration.",7,"Other"
302,"Hundred Days – Winemaking Simulator",2022-09-08 00:00:00.000,2022-09-15 00:00:00.000,"winemaking management sim.",7,"Other"
303,"Realm Royale Reforged Epic Launch Bundle (DLC)",2022-09-08 00:00:00.000,2022-09-15 00:00:00.000,"f2p cosmetics/boosts.",7,"Other"
304,"Spirit of the North",2022-09-15 00:00:00.000,2022-09-22 00:00:00.000,"fox exploration game.",7,"Other"
306,"ARK: Survival Evolved (repeat)",2022-09-22 00:00:00.000,2022-09-29 00:00:00.000,"survival sandbox.",7,"Other"
309,"Runbow",2022-09-29 00:00:00.000,2022-10-06 00:00:00.000,"colorful party platformer.",7,"Other"
311,"Rising Hell",2022-10-06 00:00:00.000,2022-10-13 00:00:00.000,"vertical roguelike.",7,"Other"
317,"Warhammer 40,000: Mechanicus",2022-10-27 00:00:00.000,2022-11-03 00:00:00.000,"turn‑based tactics.",7,"Other"
320,"Alba: A Wildlife Adventure",2022-11-10 00:00:00.000,2022-11-17 00:00:00.000,"relaxed exploration on a mediterranean island.",7,"Other"
321,"Shadow Tactics: Blades of the Shogun (repeat)",2022-11-10 00:00:00.000,2022-11-17 00:00:00.000,"tactical stealth.",7,"Other"
324,"Star Wars: Squadrons",2022-11-24 00:00:00.000,2022-12-01 00:00:00.000,"space dogfighting sim.",7,"Other"
325,"Fort Triumph",2022-12-01 00:00:00.000,2022-12-08 00:00:00.000,"xcom‑like fantasy tactics.",7,"Other"
327,"Wildcat Gun Machine",2022-12-08 00:00:00.000,2022-12-15 00:00:00.000,"bullet‑hell dungeon crawler.",7,"Other"
328,"Saints Row IV: Re‑Elected",2022-12-08 00:00:00.000,2022-12-15 00:00:00.000,"open‑world superpower chaos.",7,"Other"
340,"Dishonored – Definitive Edition",2022-12-29 00:00:00.000,2023-01-05 00:00:00.000,"immersive sim.",7,"Other"
342,"Kerbal Space Program",2023-01-05 00:00:00.000,2023-01-12 00:00:00.000,"spaceflight sim.",7,"Other"
343,"Shadow Tactics: Aiko’s Choice",2023-01-05 00:00:00.000,2023-01-12 00:00:00.000,"standalone expansion.",7,"Other"
344,"Divine Knockout",2023-01-12 00:00:00.000,2023-01-19 00:00:00.000,"third‑person platform fighter.",7,"Other"
345,"First Class Trouble",2023-01-12 00:00:00.000,2023-01-19 00:00:00.000,"social deduction.",7,"Other"
348,"Adios",2023-01-26 00:00:00.000,2023-02-02 00:00:00.000,"narrative game about a mob disposal worker.",7,"Other"
350,"City of Gangsters",2023-02-02 00:00:00.000,2023-02-09 00:00:00.000,"prohibition‑era management sim.",7,"Other"
351,"Recipe for Disaster",2023-02-09 00:00:00.000,2023-02-16 00:00:00.000,"restaurant management sim.",7,"Other"
353,"Duskers",2023-02-23 00:00:00.000,2023-03-02 00:00:00.000,"command‑line drone roguelike.",7,"Other"
354,"Rise of Industry",2023-03-02 00:00:00.000,2023-03-09 00:00:00.000,"tycoon/production‑chain sim.",7,"Other"
357,"Chess Ultra",2023-03-23 00:00:00.000,2023-03-30 00:00:00.000,"chess sim.",7,"Other"
358,"World of Warships – Starter Pack: Ishizuchi (DLC)",2023-03-23 00:00:00.000,2023-03-30 00:00:00.000,"f2p starter bundle.",7,"Other"
360,"Tunche",2023-03-30 00:00:00.000,2023-04-06 00:00:00.000,"beat ’em up roguelite.",7,"Other"
361,"Dying Light Enhanced Edition",2023-04-06 00:00:00.000,2023-04-13 00:00:00.000,"open‑world zombie parkour.",7,"Other"
363,"Mordhau",2023-04-13 00:00:00.000,2023-04-20 00:00:00.000,"medieval multiplayer slasher.",7,"Other"
365,"Beyond Blue",2023-04-20 00:00:00.000,2023-04-27 00:00:00.000,"underwater exploration.",7,"Other"
367,"Breathedge",2023-04-27 00:00:00.000,2023-05-04 00:00:00.000,"space survival parody.",7,"Other"
368,"Poker Club",2023-04-27 00:00:00.000,2023-05-04 00:00:00.000,"poker sim.",7,"Other"
369,"Against All Odds",2023-05-04 00:00:00.000,2023-05-11 00:00:00.000,"party obstacle‑course game.",7,"Other"
370,"Horizon Chase Turbo (repeat)",2023-05-04 00:00:00.000,2023-05-11 00:00:00.000,"arcade racer.",7,"Other"
371,"Kao the Kangaroo",2023-05-04 00:00:00.000,2023-05-11 00:00:00.000,"3d platformer.",7,"Other"
372,"The Sims 4 – Daring Lifestyle Bundle (DLC)",2023-05-11 00:00:00.000,2023-05-18 00:00:00.000,"cosmetic/content pack.",7,"Other"
375,"Midnight Ghost Hunt",2023-06-01 00:00:00.000,2023-06-08 00:00:00.000,"4v4 prop‑hunt ghost game.",7,"Other"
377,"Guacamelee! Super Turbo Championship Edition",2023-06-15 00:00:00.000,2023-06-22 00:00:00.000,"metroidvania brawler.",7,"Other"
378,"Guacamelee! 2",2023-06-15 00:00:00.000,2023-06-22 00:00:00.000,"sequel brawler.",7,"Other"
383,"Homeworld Remastered Collection",2023-07-27 00:00:00.000,2023-08-03 00:00:00.000,"rts classics remaster.",7,"Other"
385,"Bloons TD 6",2023-08-03 00:00:00.000,2023-08-10 00:00:00.000,"tower defense.",7,"Other"
386,"Loop Hero (repeat)",2023-08-03 00:00:00.000,2023-08-10 00:00:00.000,"deck‑building auto‑runner.",7,"Other"
388,"Orwell: Keeping an Eye on You",2023-08-10 00:00:00.000,2023-08-17 00:00:00.000,"surveillance narrative game.",7,"Other"
391,"Homeworld: Deserts of Kharak",2023-08-24 00:00:00.000,2023-08-31 00:00:00.000,"ground‑based rts prequel.",7,"Other"
392,"Cave Story+ (repeat)",2023-08-31 00:00:00.000,2023-09-07 00:00:00.000,"classic platformer.",7,"Other"
394,"911 Operator",2023-09-14 00:00:00.000,2023-09-21 00:00:00.000,"emergency services sim.",7,"Other"
399,"Model Builder",2023-09-28 00:00:00.000,2023-10-05 00:00:00.000,"scale‑model crafting sim.",7,"Other"
400,"Godlike Burger",2023-10-05 00:00:00.000,2023-10-12 00:00:00.000,"darkly comic restaurant sim.",7,"Other"
401,"Blazing Sails",2023-10-12 00:00:00.000,2023-10-19 00:00:00.000,"multiplayer pirate battle royale.",7,"Other"
402,"Q.U.B.E. Ultimate Bundle",2023-10-12 00:00:00.000,2023-10-19 00:00:00.000,"includes q.u.b.e. + dlc.",7,"Other"
407,"F.I.S.T.: Forged In Shadow Torch (repeat)",2023-11-02 00:00:00.000,2023-11-09 00:00:00.000,"metroidvania.",7,"Other"
411,"Surviving the Aftermath",2023-11-16 00:00:00.000,2023-11-23 00:00:00.000,"post‑apocalyptic colony sim.",7,"Other"
413,"Jitsu Squad",2023-11-23 00:00:00.000,2023-11-30 00:00:00.000,"co‑op beat ’em up.",7,"Other"
414,"Mighty Fight Federation",2023-11-23 00:00:00.000,2023-11-30 00:00:00.000,"arena fighter.",7,"Other"
415,"GigaBash",2023-11-30 00:00:00.000,2023-12-07 00:00:00.000,"kaiju party brawler.",7,"Other"
416,"Predecessor (starter pack)",2023-11-30 00:00:00.000,2023-12-07 00:00:00.000,"moba bundle.",7,"Other"
417,"Destiny 2: Legacy Collection (DLC bundle)",2023-12-07 00:00:00.000,2023-12-14 00:00:00.000,"expansion pack trio.",7,"Other"
418,"DNF Duel (repeat)",2023-12-14 00:00:00.000,2023-12-21 00:00:00.000,"anime fighting game.",7,"Other"
448,"LOVE",2024-01-18 00:00:00.000,2024-01-25 00:00:00.000,"minimalist precision platformer.",7,"Other"
451,"Doki Doki Literature Club Plus!",2024-02-08 00:00:00.000,2024-02-15 00:00:00.000,"visual novel (plus content).",7,"Other"
455,"Town of Salem 2",2024-03-07 00:00:00.000,2024-03-14 00:00:00.000,"social deduction.",7,"Other"
461,"Farming Simulator 22",2024-04-18 00:00:00.000,2024-04-25 00:00:00.000,"modern farming sim.",7,"Other"
462,"Chivalry 2",2024-04-25 00:00:00.000,2024-05-02 00:00:00.000,"multiplayer medieval slasher.",7,"Other"
463,"LISA: The Joyful – Definitive Edition",2024-05-02 00:00:00.000,2024-05-09 00:00:00.000,"dlc‑scale sequel to lisa.",7,"Other"
464,"Orcs Must Die! 2 (repeat)",2024-05-09 00:00:00.000,2024-05-16 00:00:00.000,"hybrid tower defense.",7,"Other"
466,"Firestone: Online Idle RPG – Epic Pack (DLC)",2024-05-23 00:00:00.000,2024-05-30 00:00:00.000,"f2p booster bundle.",7,"Other"
468,"Redout 2",2024-06-06 00:00:00.000,2024-06-13 00:00:00.000,"futuristic arcade racer.",7,"Other"
469,"Idle Champions of the Forgotten Realms (DLC pack)",2024-06-13 00:00:00.000,2024-06-20 00:00:00.000,"bonus content.",7,"Other"
473,"Floppy Knights",2024-07-11 00:00:00.000,2024-07-18 00:00:00.000,"deck‑building tactics.",7,"Other"
474,"Arcade Paradise",2024-07-18 00:00:00.000,2024-07-25 00:00:00.000,"laundromat/arcade management.",7,"Other"
476,"F.I.S.T.: Forged In Shadow Torch (repeat)",2024-07-25 00:00:00.000,2024-08-01 00:00:00.000,"metroidvania.",7,"Other"
481,"Deus Ex: Mankind Divided",2024-08-29 00:00:00.000,2024-09-05 00:00:00.000,"cyberpunk immersive sim.",7,"Other"
486,"Farming Simulator 22 (repeat)",2024-10-03 00:00:00.000,2024-10-10 00:00:00.000,"farming sim.",7,"Other"
487,"Chivalry 2 (repeat)",2024-10-10 00:00:00.000,2024-10-17 00:00:00.000,"medieval slasher.",7,"Other"
491,"F1 Manager 2024",2024-11-07 00:00:00.000,2024-11-14 00:00:00.000,"f1 management sim.",7,"Other"
492,"Turmoil",2024-11-14 00:00:00.000,2024-11-21 00:00:00.000,"oil‑drilling management game.",7,"Other"
495,"The Lord of the Rings: Return to Moria",2024-12-12 00:00:00.000,2024-12-19 00:00:00.000,"survival crafting in moria, start of holiday 2024 run.",7,"Other"
510,"Turmoil (repeat)",2025-01-02 00:00:00.000,2025-01-09 00:00:00.000,"oil‑drilling sim (weekly slot).",7,"Other"
512,"Make Way",2025-01-16 00:00:00.000,2025-01-23 00:00:00.000,"build‑your‑own top‑down racer.",7,"Other"
517,"Nightingale pack / early‑access bonus",2025-02-20 00:00:00.000,2025-02-27 00:00:00.000,"content related to survival game nightingale.",7,"Other"
519,"Albion Online – Rogue Journeyman Bundle",2025-03-06 00:00:00.000,2025-03-13 00:00:00.000,"f2p mmo bundle.",7,"Other"
524,"Five Nights at Freddy’s: Into the Pit",2025-04-10 00:00:00.000,2025-04-17 00:00:00.000,"fnaf‑universe title.",7,"Other"
526,"ScourgeBringer",2025-04-24 00:00:00.000,2025-05-01 00:00:00.000,"roguelite platformer.",7,"Other"
529,"Godzilla Voxel Wars",2025-05-15 00:00:00.000,2025-05-22 00:00:00.000,"turn‑based tactics with godzilla ip.",7,"Other"
530,"Zoeti",2025-05-22 00:00:00.000,2025-05-29 00:00:00.000,"card‑based roguelike.",7,"Other"
533,"The Jackbox Party Pack 4",2025-06-12 00:00:00.000,2025-06-19 00:00:00.000,"party quiz pack.",7,"Other"
534,"CYGNI: All Guns Blazing",2025-08-08 00:00:00.000,2025-08-15 00:00:00.000,"shoot ’em up.",7,"Other"
535,"DNF Duel (repeat)",2025-08-08 00:00:00.000,2025-08-15 00:00:00.000,"fighting game.",7,"Other"
536,"Rawmen: Food Fighter Arena",2025-08-01 00:00:00.000,2025-08-08 00:00:00.000,"food‑fight multiplayer arena.",7,"Other"
538,"Call of the Wild: The Angler",2025-03-21 00:00:00.000,2025-03-28 00:00:00.000,"fishing sim (bundle with atom eve in some regions).",7,"Other"
539,"Invincible Presents: Atom Eve",2025-03-21 00:00:00.000,2025-03-28 00:00:00.000,"superhero visual‑novel‑style game.",7,"Other"
540,"Islets",2025-03-28 00:00:00.000,2025-04-04 00:00:00.000,"hand‑drawn metroidvania.",7,"Other"
13,"RiME",2019-05-23 00:00:00.000,2019-05-30 00:00:00.000,"adventure / puzzle.",7,"Adventure"
15,"Kingdom: New Lands",2019-06-06 00:00:00.000,2019-06-13 00:00:00.000,"strategy / management.",7,"Strategy"
18,"Last Day of June",2019-06-27 00:00:00.000,2019-07-04 00:00:00.000,"narrative adventure.",7,"Adventure"
20,"Torchlight",2019-07-11 00:00:00.000,2019-07-18 00:00:00.000,"arpg.",7,"RPG"
22,"Moonlighter",2019-07-25 00:00:00.000,2019-08-01 00:00:00.000,"shopkeeping arpg.",7,"RPG"
24,"Alan Wake",2019-08-02 00:00:00.000,2019-08-09 00:00:00.000,"action thriller.",7,"Action"
26,"GNOG",2019-08-08 00:00:00.000,2019-08-15 00:00:00.000,"puzzle game.",7,"Puzzle"
27,"Hyper Light Drifter",2019-08-15 00:00:00.000,2019-08-22 00:00:00.000,"2d action rpg.",7,"Action"
28,"Mutant Year Zero: Road to Eden",2019-08-15 00:00:00.000,2019-08-22 00:00:00.000,"tactical strategy.",7,"Strategy"
29,"Fez",2019-08-22 00:00:00.000,2019-08-29 00:00:00.000,"puzzle platformer.",7,"Puzzle"
30,"Inside",2019-08-29 00:00:00.000,2019-09-05 00:00:00.000,"puzzle platformer.",7,"Puzzle"
34,"Conarium",2019-09-12 00:00:00.000,2019-09-19 00:00:00.000,"lovecraftian horror.",7,"Horror"
38,"Metro 2033 Redux",2019-09-26 00:00:00.000,2019-10-03 00:00:00.000,"fps survival.",7,"Shooter"
39,"Minit",2019-10-03 00:00:00.000,2019-10-10 00:00:00.000,"60-second adventure.",7,"Adventure"
41,"Observer",2019-10-24 00:00:00.000,2019-10-31 00:00:00.000,"cyberpunk horror.",7,"Horror"
42,"Layers of Fear",2019-10-24 00:00:00.000,2019-10-31 00:00:00.000,"psychological horror.",7,"Horror"
43,"Q.U.B.E. 2",2019-10-31 00:00:00.000,2019-11-07 00:00:00.000,"first-person puzzler.",7,"Puzzle"
44,"SOMA",2019-10-31 00:00:00.000,2019-11-07 00:00:00.000,"sci-fi horror.",7,"Horror"
45,"Nuclear Throne",2019-11-07 00:00:00.000,2019-11-14 00:00:00.000,"top-down shooter.",7,"Shooter"
46,"Ruiner",2019-11-07 00:00:00.000,2019-11-14 00:00:00.000,"cyberpunk action.",7,"Action"
50,"Jotun: Valhalla Edition",2019-12-05 00:00:00.000,2019-12-12 00:00:00.000,"norse action-exploration.",7,"Action"
52,"The Wolf Among Us",2019-12-12 00:00:00.000,2019-12-19 00:00:00.000,"telltale narrative adventure.",7,"Adventure"
70,"Horace",2020-01-16 00:00:00.000,2020-01-23 00:00:00.000,"indie platformer.",7,"Indie"
71,"The Bridge",2020-01-23 00:00:00.000,2020-01-30 00:00:00.000,"puzzle.",7,"Puzzle"
75,"Kingdom Come: Deliverance",2020-02-13 00:00:00.000,2020-02-20 00:00:00.000,"rpg.",7,"RPG"
76,"Aztez",2020-02-13 00:00:00.000,2020-02-20 00:00:00.000,"hybrid brawler/strategy.",7,"Strategy"
78,"Assassin’s Creed Syndicate",2020-02-20 00:00:00.000,2020-02-27 00:00:00.000,"open-world action.",7,"Action"
82,"Anodyne 2: Return to Dust",2020-03-12 00:00:00.000,2020-03-19 00:00:00.000,"adventure.",7,"Adventure"
84,"Mutazione",2020-03-12 00:00:00.000,2020-03-19 00:00:00.000,"narrative adventure.",7,"Adventure"
85,"Watch Dogs",2020-03-19 00:00:00.000,2020-03-26 00:00:00.000,"open-world action.",7,"Action"
87,"Figment",2020-03-26 00:00:00.000,2020-04-02 00:00:00.000,"action-adventure.",7,"Action"
88,"Tormentor x Punisher",2020-03-26 00:00:00.000,2020-04-02 00:00:00.000,"top-down shooter.",7,"Shooter"
89,"World War Z",2020-03-26 00:00:00.000,2020-04-02 00:00:00.000,"co-op shooter.",7,"Shooter"
92,"Hob",2020-04-02 00:00:00.000,2020-04-09 00:00:00.000,"action-adventure.",7,"Action"
93,"Sherlock Holmes: Crimes and Punishments",2020-04-09 00:00:00.000,2020-04-16 00:00:00.000,"detective adventure.",7,"Adventure"
94,"Close to the Sun",2020-04-09 00:00:00.000,2020-04-16 00:00:00.000,"horror.",7,"Horror"
95,"Just Cause 4",2020-04-16 00:00:00.000,2020-04-23 00:00:00.000,"open-world action.",7,"Action"
97,"For the King",2020-04-23 00:00:00.000,2020-04-30 00:00:00.000,"strategy roguelike.",7,"Strategy"
98,"Amnesia: The Dark Descent",2020-04-30 00:00:00.000,2020-05-07 00:00:00.000,"horror.",7,"Horror"
99,"Crashlands",2020-04-30 00:00:00.000,2020-05-07 00:00:00.000,"crafting/adventure.",7,"Adventure"
100,"Death Coming",2020-05-07 00:00:00.000,2020-05-14 00:00:00.000,"puzzle.",7,"Puzzle"
102,"Sid Meier’s Civilization VI",2020-05-21 00:00:00.000,2020-05-28 00:00:00.000,"4x strategy.",7,"Strategy"
107,"Pathway",2020-06-18 00:00:00.000,2020-06-25 00:00:00.000,"tactical adventure.",7,"Adventure"
109,"Stranger Things 3: The Game",2020-06-25 00:00:00.000,2020-07-02 00:00:00.000,"co‑op action.",7,"Action"
110,"Hue",2020-07-02 00:00:00.000,2020-07-09 00:00:00.000,"color‑based puzzle platformer.",7,"Puzzle"
111,"Killing Floor 2",2020-07-09 00:00:00.000,2020-07-16 00:00:00.000,"co‑op fps.",7,"Shooter"
112,"Lifeless Planet: Premier Edition",2020-07-09 00:00:00.000,2020-07-16 00:00:00.000,"sci‑fi adventure.",7,"Adventure"
114,"Torchlight II",2020-07-16 00:00:00.000,2020-07-23 00:00:00.000,"arpg sequel.",7,"RPG"
115,"Next Up Hero",2020-07-23 00:00:00.000,2020-07-30 00:00:00.000,"action dungeon crawler.",7,"Action"
117,"20XX",2020-07-30 00:00:00.000,2020-08-06 00:00:00.000,"roguelike action platformer.",7,"Action"
119,"Superbrothers: Sword & Sworcery EP",2020-07-30 00:00:00.000,2020-08-06 00:00:00.000,"adventure.",7,"Adventure"
120,"Wilmot’s Warehouse",2020-08-06 00:00:00.000,2020-08-13 00:00:00.000,"puzzle/organization.",7,"Puzzle"
121,"3 out of 10: Season One (Ep 1)",2020-08-06 00:00:00.000,2020-08-13 00:00:00.000,"comedy adventure; first episode free.",7,"Adventure"
122,"Remnant: From the Ashes",2020-08-13 00:00:00.000,2020-08-20 00:00:00.000,"co‑op souls‑like shooter.",7,"Shooter"
123,"The Alto Collection",2020-08-13 00:00:00.000,2020-08-20 00:00:00.000,"alto’s adventure + alto’s odyssey.",7,"Adventure"
125,"God’s Trigger",2020-08-20 00:00:00.000,2020-08-27 00:00:00.000,"top‑down shooter.",7,"Shooter"
130,"Where the Water Tastes Like Wine",2020-09-10 00:00:00.000,2020-09-17 00:00:00.000,"narrative adventure.",7,"Adventure"
133,"Watch Dogs 2",2020-09-17 00:00:00.000,2020-09-24 00:00:00.000,"open‑world action.",7,"Action"
135,"Pikuniku",2020-10-01 00:00:00.000,2020-10-08 00:00:00.000,"puzzle adventure.",7,"Adventure"
137,"Rising Storm 2: Vietnam",2020-10-08 00:00:00.000,2020-10-15 00:00:00.000,"multiplayer fps.",7,"Shooter"
138,"Amnesia: A Machine for Pigs",2020-10-15 00:00:00.000,2020-10-22 00:00:00.000,"horror.",7,"Horror"
139,"Kingdom New Lands (repeat)",2020-10-15 00:00:00.000,2020-10-22 00:00:00.000,"strategy.",7,"Strategy"
140,"Costume Quest 2",2020-10-22 00:00:00.000,2020-10-29 00:00:00.000,"halloween rpg.",7,"RPG"
141,"Layers of Fear 2",2020-10-22 00:00:00.000,2020-10-29 00:00:00.000,"horror.",7,"Horror"
142,"Blair Witch",2020-10-29 00:00:00.000,2020-11-05 00:00:00.000,"horror.",7,"Horror"
143,"Ghostbusters: The Video Game Remastered",2020-10-29 00:00:00.000,2020-11-05 00:00:00.000,"action adventure.",7,"Action"
147,"The World Next Door",2020-11-19 00:00:00.000,2020-11-26 00:00:00.000,"puzzle rpg.",7,"RPG"
150,"Pillars of Eternity: Definitive Edition",2020-12-10 00:00:00.000,2020-12-17 00:00:00.000,"isometric rpg.",7,"RPG"
151,"Tyranny: Gold Edition",2020-12-10 00:00:00.000,2020-12-17 00:00:00.000,"isometric rpg.",7,"RPG"
168,"Star Wars Battlefront II: Celebration Edition",2021-01-14 00:00:00.000,2021-01-21 00:00:00.000,"mp shooter.",7,"Shooter"
169,"Galactic Civilizations III",2021-01-21 00:00:00.000,2021-01-28 00:00:00.000,"4x strategy.",7,"Strategy"
171,"For The King (repeat)",2021-02-04 00:00:00.000,2021-02-11 00:00:00.000,"strategy rpg.",7,"RPG"
172,"Metro: Last Light Redux",2021-02-04 00:00:00.000,2021-02-11 00:00:00.000,"fps.",7,"Shooter"
173,"Halcyon 6: Starbase Commander",2021-02-11 00:00:00.000,2021-02-18 00:00:00.000,"strategy / management.",7,"Strategy"
175,"Rage 2",2021-02-18 00:00:00.000,2021-02-25 00:00:00.000,"open‑world shooter.",7,"Shooter"
180,"Creature in the Well",2021-03-25 00:00:00.000,2021-04-01 00:00:00.000,"pinball‑inspired action.",7,"Action"
181,"Tales of the Neon Sea",2021-04-01 00:00:00.000,2021-04-08 00:00:00.000,"pixel adventure.",7,"Adventure"
182,"3 out of 10: Season Two",2021-04-08 00:00:00.000,2021-04-15 00:00:00.000,"episodic comedy adventure.",7,"Adventure"
184,"Ken Follett’s The Pillars of the Earth",2021-04-15 00:00:00.000,2021-04-22 00:00:00.000,"adventure.",7,"Adventure"
186,"Alien: Isolation (repeat)",2021-04-22 00:00:00.000,2021-04-29 00:00:00.000,"horror.",7,"Horror"
187,"Hand of Fate 2",2021-04-22 00:00:00.000,2021-04-29 00:00:00.000,"deckbuilding action.",7,"Action"
189,"Pine",2021-05-06 00:00:00.000,2021-05-13 00:00:00.000,"action‑adventure.",7,"Action"
190,"The Lion’s Song",2021-05-13 00:00:00.000,2021-05-20 00:00:00.000,"narrative adventure.",7,"Adventure"
191,"NBA 2K21",2021-05-20 00:00:00.000,2021-05-27 00:00:00.000,"sports sim.",7,"Sports"
194,"Control",2021-06-10 00:00:00.000,2021-06-17 00:00:00.000,"action‑adventure.",7,"Action"
195,"Hell is Other Demons",2021-06-17 00:00:00.000,2021-06-24 00:00:00.000,"arcade shooter.",7,"Shooter"
199,"The Spectrum Retreat",2021-07-01 00:00:00.000,2021-07-08 00:00:00.000,"first‑person puzzle.",7,"Puzzle"
200,"Bridge Constructor: The Walking Dead",2021-07-08 00:00:00.000,2021-07-15 00:00:00.000,"physics puzzle.",7,"Puzzle"
202,"Obduction",2021-07-15 00:00:00.000,2021-07-22 00:00:00.000,"myst‑like adventure.",7,"Adventure"
205,"Verdun",2021-07-22 00:00:00.000,2021-07-29 00:00:00.000,"ww1 multiplayer fps.",7,"Shooter"
206,"Mothergunship",2021-07-29 00:00:00.000,2021-08-05 00:00:00.000,"bullet‑hell fps.",7,"Shooter"
208,"A Plague Tale: Innocence",2021-08-05 00:00:00.000,2021-08-12 00:00:00.000,"story‑driven action adventure.",7,"Action"
209,"Minit (repeat)",2021-08-05 00:00:00.000,2021-08-12 00:00:00.000,"60‑second adventure.",7,"Adventure"
211,"Void Bastards",2021-08-19 00:00:00.000,2021-08-26 00:00:00.000,"roguelike shooter.",7,"Shooter"
213,"Automachef",2021-08-26 00:00:00.000,2021-09-02 00:00:00.000,"automation puzzle.",7,"Puzzle"
214,"Saints Row: The Third Remastered",2021-08-26 00:00:00.000,2021-09-02 00:00:00.000,"open‑world action.",7,"Action"
217,"Nioh: The Complete Edition",2021-09-09 00:00:00.000,2021-09-16 00:00:00.000,"action rpg.",7,"Action"
221,"Europa Universalis IV",2021-09-30 00:00:00.000,2021-10-07 00:00:00.000,"grand strategy.",7,"Strategy"
223,"Stubbs the Zombie in Rebel Without a Pulse (repeat)",2021-10-14 00:00:00.000,2021-10-21 00:00:00.000,"comedy zombie action.",7,"Action"
224,"Among the Sleep: Enhanced Edition",2021-10-21 00:00:00.000,2021-10-28 00:00:00.000,"horror adventure.",7,"Adventure"
225,"DARQ: Complete Edition",2021-10-28 00:00:00.000,2021-11-04 00:00:00.000,"puzzle horror.",7,"Horror"
231,"Never Alone (Kisima Ingitchuna)",2021-11-18 00:00:00.000,2021-11-25 00:00:00.000,"puzzle platformer.",7,"Puzzle"
234,"Dead by Daylight",2021-12-02 00:00:00.000,2021-12-09 00:00:00.000,"asymmetrical horror mp.",7,"Horror"
235,"while True: learn()",2021-12-02 00:00:00.000,2021-12-09 00:00:00.000,"coding/ml puzzle game.",7,"Puzzle"
253,"Gods Will Fall",2022-01-06 00:00:00.000,2022-01-13 00:00:00.000,"action roguelike.",7,"Action"
254,"Galactic Civilizations III (repeat)",2022-01-13 00:00:00.000,2022-01-20 00:00:00.000,"4x strategy.",7,"Strategy"
255,"Relicta",2022-01-20 00:00:00.000,2022-01-27 00:00:00.000,"physics puzzle.",7,"Puzzle"
256,"Daemon X Machina",2022-01-27 00:00:00.000,2022-02-03 00:00:00.000,"mech action.",7,"Action"
258,"Windbound",2022-02-10 00:00:00.000,2022-02-17 00:00:00.000,"survival adventure.",7,"Adventure"
259,"Brothers: A Tale of Two Sons",2022-02-17 00:00:00.000,2022-02-24 00:00:00.000,"co‑op style adventure.",7,"Adventure"
260,"Cris Tales",2022-02-24 00:00:00.000,2022-03-03 00:00:00.000,"jrpg‑inspired.",7,"RPG"
261,"Black Widow: Recharged",2022-03-03 00:00:00.000,2022-03-10 00:00:00.000,"arcade shooter.",7,"Shooter"
262,"Centipede: Recharged",2022-03-03 00:00:00.000,2022-03-10 00:00:00.000,"arcade shooter.",7,"Shooter"
264,"In Sound Mind",2022-03-17 00:00:00.000,2022-03-24 00:00:00.000,"psychological horror.",7,"Horror"
266,"City of Brass (repeat)",2022-03-31 00:00:00.000,2022-04-07 00:00:00.000,"action roguelike.",7,"Action"
267,"Total War: Warhammer",2022-03-31 00:00:00.000,2022-04-07 00:00:00.000,"strategy.",7,"Strategy"
269,"The Vanishing of Ethan Carter (repeat)",2022-04-07 00:00:00.000,2022-04-14 00:00:00.000,"mystery adventure.",7,"Adventure"
271,"XCOM 2",2022-04-14 00:00:00.000,2022-04-21 00:00:00.000,"tactical strategy.",7,"Strategy"
272,"Amnesia: Rebirth",2022-04-21 00:00:00.000,2022-04-28 00:00:00.000,"horror.",7,"Horror"
273,"Riverbond",2022-04-21 00:00:00.000,2022-04-28 00:00:00.000,"voxel co‑op action.",7,"Action"
277,"Jotun: Valhalla Edition (repeat)",2022-05-12 00:00:00.000,2022-05-19 00:00:00.000,"norse action‑exploration.",7,"Action"
279,"Borderlands 3",2022-05-19 00:00:00.000,2022-05-26 00:00:00.000,"looter‑shooter.",7,"Shooter"
281,"Wolfenstein: The New Order",2022-06-02 00:00:00.000,2022-06-09 00:00:00.000,"fps.",7,"Shooter"
282,"Maneater",2022-06-09 00:00:00.000,2022-06-16 00:00:00.000,"shark rpg.",7,"RPG"
283,"Supraland",2022-06-16 00:00:00.000,2022-06-23 00:00:00.000,"puzzle‑fps.",7,"Shooter"
284,"A Game of Thrones: The Board Game – Digital Edition",2022-06-23 00:00:00.000,2022-06-30 00:00:00.000,"strategy board adaptation.",7,"Strategy"
286,"Geneforge 1: Mutagen",2022-06-30 00:00:00.000,2022-07-07 00:00:00.000,"classic‑style rpg.",7,"RPG"
288,"Killing Floor 2 (repeat)",2022-07-07 00:00:00.000,2022-07-14 00:00:00.000,"co‑op fps.",7,"Shooter"
292,"Tannenberg",2022-07-21 00:00:00.000,2022-07-28 00:00:00.000,"ww1 fps.",7,"Shooter"
297,"Doom 64",2022-08-18 00:00:00.000,2022-08-25 00:00:00.000,"classic shooter.",7,"Shooter"
300,"Shadow of the Tomb Raider: Definitive Edition (repeat)",2022-09-01 00:00:00.000,2022-09-08 00:00:00.000,"action‑adventure.",7,"Action"
305,"The Captain",2022-09-15 00:00:00.000,2022-09-22 00:00:00.000,"pixel‑art space adventure.",7,"Adventure"
307,"Gloomhaven",2022-09-22 00:00:00.000,2022-09-29 00:00:00.000,"tactical rpg board‑game adaptation.",7,"RPG"
308,"The Drone Racing League Simulator",2022-09-29 00:00:00.000,2022-10-06 00:00:00.000,"drone racing sim.",7,"Racing"
310,"Slain: Back from Hell",2022-10-06 00:00:00.000,2022-10-13 00:00:00.000,"heavy‑metal action platformer.",7,"Action"
312,"ToeJam & Earl: Back in the Groove!",2022-10-13 00:00:00.000,2022-10-20 00:00:00.000,"roguelike co‑op adventure.",7,"Adventure"
313,"Darkwood",2022-10-13 00:00:00.000,2022-10-20 00:00:00.000,"top‑down survival horror.",7,"Horror"
314,"Evoland Legendary Edition",2022-10-20 00:00:00.000,2022-10-27 00:00:00.000,"jrpg homage collection.",7,"RPG"
315,"Fallout 3: Game of the Year Edition",2022-10-20 00:00:00.000,2022-10-27 00:00:00.000,"open‑world rpg.",7,"RPG"
316,"Saturnalia",2022-10-27 00:00:00.000,2022-11-03 00:00:00.000,"roguelite horror adventure.",7,"Adventure"
318,"Filament",2022-11-03 00:00:00.000,2022-11-10 00:00:00.000,"cable puzzle game.",7,"Puzzle"
319,"Rising Storm 2: Vietnam (repeat)",2022-11-03 00:00:00.000,2022-11-10 00:00:00.000,"multiplayer fps.",7,"Shooter"
322,"Evil Dead: The Game",2022-11-17 00:00:00.000,2022-11-24 00:00:00.000,"asymmetrical horror.",7,"Horror"
323,"Dark Deity",2022-11-17 00:00:00.000,2022-11-24 00:00:00.000,"tactical rpg.",7,"RPG"
326,"RPG in a Box",2022-12-01 00:00:00.000,2022-12-08 00:00:00.000,"create‑your‑own rpg toolkit.",7,"RPG"
339,"Mortal Shell",2022-12-29 00:00:00.000,2023-01-05 00:00:00.000,"souls‑like action rpg.",7,"Action"
341,"Eximius: Seize the Frontline",2022-12-29 00:00:00.000,2023-01-05 00:00:00.000,"hybrid fps/rts.",7,"Shooter"
346,"Gamedec – Definitive Edition",2023-01-19 00:00:00.000,2023-01-26 00:00:00.000,"isometric cyberpunk rpg.",7,"RPG"
347,"Epistory – Typing Chronicles",2023-01-19 00:00:00.000,2023-01-26 00:00:00.000,"typing‑based action adventure.",7,"Action"
349,"Hell is Others",2023-01-26 00:00:00.000,2023-02-02 00:00:00.000,"extraction shooter with horror angle.",7,"Action"
352,"Warpips",2023-02-16 00:00:00.000,2023-02-23 00:00:00.000,"tug‑of‑war strategy.",7,"Strategy"
355,"Call of the Sea",2023-03-09 00:00:00.000,2023-03-16 00:00:00.000,"first‑person puzzle adventure.",7,"Adventure"
356,"Gladius – Relics of War (Warhammer 40,000)",2023-03-16 00:00:00.000,2023-03-23 00:00:00.000,"4x strategy.",7,"Strategy"
359,"The Silent Age",2023-03-30 00:00:00.000,2023-04-06 00:00:00.000,"time‑travel adventure.",7,"Adventure"
362,"shapez",2023-04-06 00:00:00.000,2023-04-13 00:00:00.000,"factory‑building puzzle.",7,"Puzzle"
364,"Second Extinction (repeat)",2023-04-13 00:00:00.000,2023-04-20 00:00:00.000,"co‑op dinosaur shooter.",7,"Shooter"
366,"Never Alone (Kisima Ingitchuna) (repeat)",2023-04-20 00:00:00.000,2023-04-27 00:00:00.000,"cultural puzzle platformer.",7,"Puzzle"
373,"Death Stranding (repeat)",2023-05-18 00:00:00.000,2023-05-25 00:00:00.000,"strand‑type action game.",7,"Action"
374,"Fallout: New Vegas – Ultimate Edition",2023-05-25 00:00:00.000,2023-06-01 00:00:00.000,"classic rpg.",7,"RPG"
376,"PAYDAY 2",2023-06-08 00:00:00.000,2023-06-15 00:00:00.000,"co‑op heist fps.",7,"Shooter"
379,"The Dungeon of Naheulbeuk: The Amulet of Chaos",2023-06-22 00:00:00.000,2023-06-29 00:00:00.000,"tactical rpg.",7,"RPG"
380,"A Game of Thrones: The Board Game – Digital Edition (repeat)",2023-06-29 00:00:00.000,2023-07-06 00:00:00.000,"strategy board adaptation.",7,"Strategy"
381,"The Elder Scrolls Online",2023-07-20 00:00:00.000,2023-07-27 00:00:00.000,"mmorpg.",7,"RPG"
382,"Murder by Numbers",2023-07-20 00:00:00.000,2023-07-27 00:00:00.000,"picross detective puzzle.",7,"Puzzle"
384,"Severed Steel",2023-07-27 00:00:00.000,2023-08-03 00:00:00.000,"stylish acrobatic fps.",7,"Shooter"
387,"Europa Universalis IV (repeat)",2023-08-10 00:00:00.000,2023-08-17 00:00:00.000,"grand strategy.",7,"Strategy"
389,"Black Book",2023-08-17 00:00:00.000,2023-08-24 00:00:00.000,"card‑based rpg with slavic folklore.",7,"RPG"
390,"Dodo Peak",2023-08-17 00:00:00.000,2023-08-24 00:00:00.000,"arcade puzzle platformer.",7,"Puzzle"
393,"Spelldrifter",2023-08-31 00:00:00.000,2023-09-07 00:00:00.000,"tactical card rpg.",7,"RPG"
395,"Out of Line",2023-09-14 00:00:00.000,2023-09-21 00:00:00.000,"hand‑drawn puzzle platformer.",7,"Puzzle"
396,"The Forest Quartet",2023-09-21 00:00:00.000,2023-09-28 00:00:00.000,"narrative puzzle adventure.",7,"Adventure"
397,"Out of Bandwidth (placeholder small title slot)*",2023-09-21 00:00:00.000,2023-09-28 00:00:00.000,"minor indie/freebie slot noted in trackers.",7,"Indie"
398,"Soulstice",2023-09-28 00:00:00.000,2023-10-05 00:00:00.000,"action hack‑and‑slash.",7,"Action"
403,"Eternal Threads",2023-10-19 00:00:00.000,2023-10-26 00:00:00.000,"time‑manipulation narrative adventure.",7,"Adventure"
404,"The Evil Within",2023-10-19 00:00:00.000,2023-10-26 00:00:00.000,"survival horror.",7,"Horror"
405,"The Evil Within 2",2023-10-26 00:00:00.000,2023-11-02 00:00:00.000,"survival horror sequel.",7,"Horror"
406,"Tandem: A Tale of Shadows",2023-10-26 00:00:00.000,2023-11-02 00:00:00.000,"puzzle platformer with dual perspectives.",7,"Puzzle"
408,"Turnip Boy Commits Tax Evasion",2023-11-02 00:00:00.000,2023-11-09 00:00:00.000,"comedy adventure.",7,"Adventure"
409,"Golden Light",2023-11-09 00:00:00.000,2023-11-16 00:00:00.000,"horror roguelike.",7,"Horror"
410,"Earthlock",2023-11-09 00:00:00.000,2023-11-16 00:00:00.000,"turn‑based rpg.",7,"RPG"
412,"Deliver Us Mars",2023-11-16 00:00:00.000,2023-11-23 00:00:00.000,"sci‑fi adventure.",7,"Adventure"
419,"Melvor Idle",2023-12-14 00:00:00.000,2023-12-21 00:00:00.000,"idle/rpg inspired by runescape.",7,"RPG"
446,"Marvel’s Guardians of the Galaxy (repeat)",2024-01-04 00:00:00.000,2024-01-11 00:00:00.000,"aaa narrative action.",7,"Action"
447,"Sail Forth",2024-01-11 00:00:00.000,2024-01-18 00:00:00.000,"indie sailing adventure.",7,"Adventure"
449,"Infinifactory",2024-01-25 00:00:00.000,2024-02-01 00:00:00.000,"3d factory‑building puzzle game.",7,"Puzzle"
450,"Doors: Paradox",2024-02-01 00:00:00.000,2024-02-08 00:00:00.000,"puzzle/escape‑room game.",7,"Puzzle"
452,"Dakar Desert Rally",2024-02-15 00:00:00.000,2024-02-22 00:00:00.000,"off‑road racing.",7,"Racing"
453,"Thief (2014)",2024-02-22 00:00:00.000,2024-02-29 00:00:00.000,"stealth action.",7,"Action"
454,"The Big Con",2024-02-29 00:00:00.000,2024-03-07 00:00:00.000,"90s‑style con‑artist adventure.",7,"Adventure"
456,"LISA: The Painful – Definitive Edition",2024-03-14 00:00:00.000,2024-03-21 00:00:00.000,"dark comedy rpg.",7,"RPG"
457,"Industria",2024-03-21 00:00:00.000,2024-03-28 00:00:00.000,"narrative fps.",7,"Shooter"
458,"Orcs Must Die! 3",2024-03-28 00:00:00.000,2024-04-04 00:00:00.000,"tower‑defense action.",7,"Action"
459,"Circus Electrique",2024-04-04 00:00:00.000,2024-04-11 00:00:00.000,"tactical rpg/management.",7,"RPG"
460,"Dragon Age: Inquisition – Game of the Year Edition",2024-04-11 00:00:00.000,2024-04-18 00:00:00.000,"aaa fantasy rpg.",7,"RPG"
465,"Cat Quest II",2024-05-16 00:00:00.000,2024-05-23 00:00:00.000,"co‑op action rpg.",7,"Action"
467,"Marvel’s Midnight Suns",2024-05-30 00:00:00.000,2024-06-06 00:00:00.000,"tactical card‑based superhero rpg.",7,"RPG"
470,"Freshly Frosted + Rumble Club pack",2024-06-20 00:00:00.000,2024-06-27 00:00:00.000,"donut puzzle game + f2p bonuses.",7,"Puzzle"
471,"Sunless Skies: Sovereign Edition",2024-06-27 00:00:00.000,2024-07-04 00:00:00.000,"gothic exploration rpg.",7,"RPG"
472,"The Falconeer",2024-07-04 00:00:00.000,2024-07-11 00:00:00.000,"air‑combat rpg.",7,"RPG"
475,"Maid of Sker",2024-07-18 00:00:00.000,2024-07-25 00:00:00.000,"stealth horror.",7,"Horror"
477,"Thief (repeat)",2024-08-01 00:00:00.000,2024-08-08 00:00:00.000,"stealth action.",7,"Action"
478,"The Callisto Protocol",2024-08-08 00:00:00.000,2024-08-15 00:00:00.000,"aaa sci‑fi horror.",7,"Horror"
479,"Lego Star Wars: The Skywalker Saga",2024-08-15 00:00:00.000,2024-08-22 00:00:00.000,"full‑saga lego action adventure.",7,"Action"
480,"The Outer Worlds: Spacer’s Choice Edition (repeat)",2024-08-22 00:00:00.000,2024-08-29 00:00:00.000,"enhanced rpg edition.",7,"RPG"
482,"The Big Con (repeat)",2024-09-05 00:00:00.000,2024-09-12 00:00:00.000,"90s con‑artist adventure.",7,"Adventure"
483,"Orcs Must Die! 3 (repeat)",2024-09-12 00:00:00.000,2024-09-19 00:00:00.000,"tower‑defense action.",7,"Action"
484,"Circus Electrique (repeat)",2024-09-19 00:00:00.000,2024-09-26 00:00:00.000,"tactical rpg/management.",7,"RPG"
485,"Dragon Age: Inquisition – Game of the Year Edition (repeat)",2024-09-26 00:00:00.000,2024-10-03 00:00:00.000,"aaa fantasy rpg.",7,"RPG"
488,"World War Z: Aftermath",2024-10-17 00:00:00.000,2024-10-24 00:00:00.000,"co‑op zombie shooter.",7,"Shooter"
489,"Garden Story",2024-10-24 00:00:00.000,2024-10-31 00:00:00.000,"wholesome village action‑adventure.",7,"Action"
490,"HUMANKIND",2024-10-31 00:00:00.000,2024-11-07 00:00:00.000,"historical 4x strategy.",7,"Strategy"
493,"Kingdom Come: Deliverance (repeat)",2024-11-21 00:00:00.000,2024-11-28 00:00:00.000,"historical rpg, lead‑in to holiday season.",7,"RPG"
494,"Hell Let Loose",2024-11-28 00:00:00.000,2024-12-05 00:00:00.000,"100‑player ww2 fps.",7,"Shooter"
511,"Escape Academy (repeat)",2025-01-09 00:00:00.000,2025-01-16 00:00:00.000,"co‑op escape‑room puzzler.",7,"Puzzle"
513,"Machinarium",2025-01-23 00:00:00.000,2025-01-30 00:00:00.000,"classic point‑and‑click puzzle.",7,"Puzzle"
514,"Monument Valley",2025-01-30 00:00:00.000,2025-02-06 00:00:00.000,"meditative puzzle game.",7,"Puzzle"
515,"Monument Valley 2",2025-02-06 00:00:00.000,2025-02-13 00:00:00.000,"sequel puzzle adventure.",7,"Adventure"
516,"Jorel’s Brother and The Most Important Game of the Galaxy",2025-02-13 00:00:00.000,2025-02-20 00:00:00.000,"cartoon‑style adventure.",7,"Adventure"
518,"Gravity Circuit",2025-02-27 00:00:00.000,2025-03-06 00:00:00.000,"retro‑style action platformer.",7,"Action"
520,"Amnesia: The Bunker",2025-03-13 00:00:00.000,2025-03-20 00:00:00.000,"first‑person horror.",7,"Horror"
521,"Samorost 3",2025-03-20 00:00:00.000,2025-03-27 00:00:00.000,"surreal adventure.",7,"Adventure"
522,"Fear the Spotlight",2025-03-27 00:00:00.000,2025-04-03 00:00:00.000,"retro‑inspired horror.",7,"Horror"
523,"Bendy and the Ink Machine",2025-04-03 00:00:00.000,2025-04-10 00:00:00.000,"cartoon horror.",7,"Horror"
525,"Felix the Reaper",2025-04-17 00:00:00.000,2025-04-24 00:00:00.000,"puzzle about dancing grim reaper.",7,"Puzzle"
527,"Songs of Silence",2025-05-01 00:00:00.000,2025-05-08 00:00:00.000,"hybrid strategy game.",7,"Strategy"
528,"Zero Hour",2025-05-08 00:00:00.000,2025-05-15 00:00:00.000,"tactical fps.",7,"Shooter"
531,"Universe for Sale",2025-05-29 00:00:00.000,2025-06-05 00:00:00.000,"narrative adventure.",7,"Adventure"
532,"The Darkside Detective",2025-06-05 00:00:00.000,2025-06-12 00:00:00.000,"pixel‑art detective adventure.",7,"Adventure"
537,"LumbearJack",2025-08-01 00:00:00.000,2025-08-08 00:00:00.000,"environmental puzzle game.",7,"Puzzle"
541,"Hogwarts Legacy",2025-12-11 00:00:00.000,2025-12-18 00:00:00.000,"big aaa open‑world rpg, headline of 2025 holiday sale.",7,"RPG"
1,"Subnautica",2018-12-12 00:00:00.000,2018-12-27 00:00:00.000,"first-ever epic free game.",15,"Other"
2,"Super Meat Boy",2018-12-28 00:00:00.000,2019-01-10 00:00:00.000,"second giveaway.",13,"Other"
3,"What Remains of Edith Finch",2019-01-11 00:00:00.000,2019-01-24 00:00:00.000,"early weekly rotation.",13,"Other"
4,"The Jackbox Party Pack",2019-01-24 00:00:00.000,2019-02-07 00:00:00.000,"party game bundle.",14,"Other"
5,"Axiom Verge",2019-02-07 00:00:00.000,2019-02-21 00:00:00.000,"metroidvania title.",14,"Other"
6,"Thimbleweed Park",2019-02-21 00:00:00.000,2019-03-07 00:00:00.000,"point-and-click adventure.",14,"Adventure"
7,"Slime Rancher",2019-03-07 00:00:00.000,2019-03-21 00:00:00.000,"farming / collection sim.",14,"Other"
8,"Oxenfree",2019-03-21 00:00:00.000,2019-04-04 00:00:00.000,"narrative adventure.",14,"Adventure"
9,"The Witness",2019-04-04 00:00:00.000,2019-04-18 00:00:00.000,"puzzle game.",14,"Puzzle"
10,"Transistor",2019-04-18 00:00:00.000,2019-05-02 00:00:00.000,"action rpg.",14,"Action"
11,"World of Goo",2019-05-02 00:00:00.000,2019-05-16 00:00:00.000,"physics puzzler.",14,"Puzzle"
12,"Stories Untold",2019-05-16 00:00:00.000,2019-05-30 00:00:00.000,"horror anthology.",14,"Horror"
48,"Bad North: Jotunn Edition",2019-11-21 00:00:00.000,2019-11-29 00:00:00.000,"tactics / defense.",8,"Other"
53,"Into the Breach",2019-12-19 00:00:00.000,2019-12-20 00:00:00.000,"first “12 days” holiday game 2019.",1,"Other"
54,"TowerFall Ascension",2019-12-20 00:00:00.000,2019-12-21 00:00:00.000,"local multiplayer action.",1,"Action"
55,"Superhot",2019-12-21 00:00:00.000,2019-12-22 00:00:00.000,"time-bending fps.",1,"Shooter"
56,"Little Inferno",2019-12-22 00:00:00.000,2019-12-23 00:00:00.000,"puzzle / sandbox.",1,"Puzzle"
57,"Ape Out",2019-12-23 00:00:00.000,2019-12-24 00:00:00.000,"stylized action.",1,"Action"
58,"Celeste (repeat)",2019-12-24 00:00:00.000,2019-12-25 00:00:00.000,"holiday repeat.",1,"Other"
59,"Totally Accurate Battle Simulator",2019-12-25 00:00:00.000,2019-12-26 00:00:00.000,"physics tactics.",1,"Other"
60,"FTL: Faster Than Light",2019-12-26 00:00:00.000,2019-12-27 00:00:00.000,"space roguelike.",1,"Other"
61,"Hyper Light Drifter (repeat)",2019-12-27 00:00:00.000,2019-12-28 00:00:00.000,"holiday repeat.",1,"Other"
62,"Shadow Tactics: Blades of the Shogun",2019-12-28 00:00:00.000,2019-12-29 00:00:00.000,"tactical stealth.",1,"Other"
63,"The Talos Principle",2019-12-29 00:00:00.000,2019-12-30 00:00:00.000,"first-person puzzler.",1,"Puzzle"
64,"Hello Neighbor",2019-12-30 00:00:00.000,2019-12-31 00:00:00.000,"stealth horror.",1,"Horror"
65,"Yooka-Laylee and the Impossible Lair",2019-12-31 00:00:00.000,2020-01-01 00:00:00.000,"platformer.",1,"Other"
66,"Darksiders: Warmastered Edition",2020-01-01 00:00:00.000,2020-01-09 00:00:00.000,"action adventure.",8,"Action"
67,"Darksiders II: Deathinitive Edition",2020-01-01 00:00:00.000,2020-01-09 00:00:00.000,"arpg.",8,"RPG"
68,"Steep",2020-01-01 00:00:00.000,2020-01-09 00:00:00.000,"winter sports.",8,"Sports"
152,"Cities: Skylines",2020-12-17 00:00:00.000,2020-12-18 00:00:00.000,"start of “15 days of free games” 2020.",1,"Other"
153,"Oddworld: New ‘n’ Tasty",2020-12-18 00:00:00.000,2020-12-19 00:00:00.000,"platformer remake.",1,"Other"
154,"The Long Dark",2020-12-19 00:00:00.000,2020-12-20 00:00:00.000,"survival.",1,"Other"
155,"Defense Grid: The Awakening",2020-12-20 00:00:00.000,2020-12-21 00:00:00.000,"tower defense.",1,"Other"
156,"Alien: Isolation",2020-12-21 00:00:00.000,2020-12-22 00:00:00.000,"survival horror.",1,"Horror"
157,"Metro 2033 Redux (repeat)",2020-12-22 00:00:00.000,2020-12-23 00:00:00.000,"fps.",1,"Shooter"
158,"Tropico 5",2020-12-23 00:00:00.000,2020-12-24 00:00:00.000,"city-builder.",1,"Other"
159,"Inside (repeat)",2020-12-24 00:00:00.000,2020-12-25 00:00:00.000,"puzzle platformer.",1,"Puzzle"
160,"Darkest Dungeon",2020-12-25 00:00:00.000,2020-12-26 00:00:00.000,"gothic roguelike.",1,"Other"
161,"My Time at Portia",2020-12-26 00:00:00.000,2020-12-27 00:00:00.000,"life sim.",1,"Other"
162,"Night in the Woods",2020-12-27 00:00:00.000,2020-12-28 00:00:00.000,"narrative adventure.",1,"Adventure"
163,"Stranded Deep",2020-12-28 00:00:00.000,2020-12-29 00:00:00.000,"survival.",1,"Other"
164,"Solitairica",2020-12-29 00:00:00.000,2020-12-30 00:00:00.000,"card/roguelike.",1,"Other"
165,"Torchlight II (repeat)",2020-12-30 00:00:00.000,2020-12-31 00:00:00.000,"arpg.",1,"RPG"
238,"Shenmue III",2021-12-16 00:00:00.000,2021-12-17 00:00:00.000,"action‑adventure.",1,"Action"
239,"Neon Abyss",2021-12-17 00:00:00.000,2021-12-18 00:00:00.000,"roguelike shooter.",1,"Shooter"
240,"Remnant: From the Ashes (repeat)",2021-12-18 00:00:00.000,2021-12-19 00:00:00.000,"co‑op shooter.",1,"Shooter"
241,"The Vanishing of Ethan Carter",2021-12-19 00:00:00.000,2021-12-20 00:00:00.000,"mystery adventure.",1,"Adventure"
242,"Loop Hero",2021-12-20 00:00:00.000,2021-12-21 00:00:00.000,"deckbuilding roguelike.",1,"Other"
243,"Second Extinction",2021-12-21 00:00:00.000,2021-12-22 00:00:00.000,"co‑op dino shooter.",1,"Shooter"
244,"Mutant Year Zero: Road to Eden (repeat)",2021-12-22 00:00:00.000,2021-12-23 00:00:00.000,"tactical strategy.",1,"Strategy"
245,"Vampyr",2021-12-23 00:00:00.000,2021-12-24 00:00:00.000,"action rpg.",1,"Action"
246,"Pathfinder: Kingmaker – Enhanced Plus Edition",2021-12-24 00:00:00.000,2021-12-25 00:00:00.000,"isometric rpg.",1,"RPG"
247,"Prey",2021-12-25 00:00:00.000,2021-12-26 00:00:00.000,"immersive sim.",1,"Other"
248,"Control (repeat)",2021-12-26 00:00:00.000,2021-12-27 00:00:00.000,"action‑adventure.",1,"Action"
249,"Mages of Mystralia",2021-12-27 00:00:00.000,2021-12-28 00:00:00.000,"action rpg.",1,"Action"
250,"Moving Out",2021-12-28 00:00:00.000,2021-12-29 00:00:00.000,"co‑op moving sim.",1,"Other"
251,"Salt and Sanctuary",2021-12-29 00:00:00.000,2021-12-30 00:00:00.000,"2d souls‑like.",1,"Other"
329,"Sable",2022-12-19 00:00:00.000,2022-12-20 00:00:00.000,"stylized open‑world exploration (holiday daily).",1,"Other"
330,"Them’s Fightin’ Herds",2022-12-20 00:00:00.000,2022-12-21 00:00:00.000,"indie fighting game.",1,"Indie"
331,"Wolfenstein: The New Order (repeat)",2022-12-21 00:00:00.000,2022-12-22 00:00:00.000,"fps.",1,"Shooter"
332,"LEGO Builder’s Journey",2022-12-22 00:00:00.000,2022-12-23 00:00:00.000,"puzzle builder.",1,"Puzzle"
333,"Fallout Classic Collection",2022-12-23 00:00:00.000,2022-12-24 00:00:00.000,"fallout 1, fallout 2, fallout tactics.",1,"Other"
334,"Encased",2022-12-24 00:00:00.000,2022-12-25 00:00:00.000,"isometric rpg.",1,"RPG"
335,"Metro: Last Light Redux (repeat)",2022-12-25 00:00:00.000,2022-12-26 00:00:00.000,"fps.",1,"Shooter"
336,"Death Stranding",2022-12-26 00:00:00.000,2022-12-27 00:00:00.000,"strand‑type action game.",1,"Action"
337,"F.I.S.T.: Forged In Shadow Torch",2022-12-27 00:00:00.000,2022-12-28 00:00:00.000,"metroidvania.",1,"Other"
338,"Severed Steel (repeat)",2022-12-28 00:00:00.000,2022-12-29 00:00:00.000,"stylish fps.",1,"Shooter"
420,"Art of Rally",2023-12-21 00:00:00.000,2023-12-31 00:00:00.000,"stylized rally racer, part of 2023 holiday run.",10,"Other"
421,"Fallout 3: Game of the Year Edition (repeat)",2023-12-21 00:00:00.000,2023-12-31 00:00:00.000,"open‑world rpg.",10,"RPG"
422,"Ghostwire: Tokyo",2023-12-21 00:00:00.000,2023-12-31 00:00:00.000,"supernatural action‑adventure.",10,"Action"
423,"The Outer Worlds: Spacer’s Choice Edition (repeat)",2023-12-21 00:00:00.000,2023-12-31 00:00:00.000,"enhanced rpg edition.",10,"RPG"
424,"Human Resource Machine",2023-12-21 00:00:00.000,2023-12-31 00:00:00.000,"programming‑puzzle game.",10,"Puzzle"
425,"Cursed to Golf",2023-12-21 00:00:00.000,2023-12-31 00:00:00.000,"roguelike golf platformer.",10,"Other"
426,"Cat Quest",2023-12-21 00:00:00.000,2023-12-31 00:00:00.000,"action rpg.",10,"Action"
427,"Snakebird Complete",2023-12-21 00:00:00.000,2023-12-31 00:00:00.000,"difficult puzzle game.",10,"Puzzle"
428,"Saints Row (2022)",2023-12-21 00:00:00.000,2023-12-31 00:00:00.000,"open‑world action reboot.",10,"Action"
429,"Ghostrunner",2023-12-21 00:00:00.000,2023-12-31 00:00:00.000,"cyberpunk parkour slasher.",10,"Other"
430,"Escape Academy (repeat)",2023-12-21 00:00:00.000,2023-12-31 00:00:00.000,"co‑op escape‑room puzzler.",10,"Puzzle"
431,"20 Minutes Till Dawn (repeat)",2023-12-21 00:00:00.000,2023-12-31 00:00:00.000,"survivor‑like shooter.",10,"Shooter"
432,"A Plague Tale: Innocence (repeat)",2023-12-21 00:00:00.000,2023-12-31 00:00:00.000,"story‑driven adventure.",10,"Adventure"
433,"Marvel’s Guardians of the Galaxy (repeat)",2023-12-21 00:00:00.000,2023-12-31 00:00:00.000,"aaa story action game.",10,"Action"
434,"Dishonored: Death of the Outsider",2023-12-21 00:00:00.000,2023-12-31 00:00:00.000,"standalone immersive‑sim spin‑off.",10,"Other"
435,"Idle Champions of the Forgotten Realms (DLC pack)",2023-12-21 00:00:00.000,2023-12-31 00:00:00.000,"f2p booster.",10,"Other"
436,"theHunter: Call of the Wild (repeat)",2023-12-21 00:00:00.000,2023-12-31 00:00:00.000,"hunting sim.",10,"Other"
437,"Train Valley 2",2023-12-21 00:00:00.000,2023-12-31 00:00:00.000,"train puzzle/management.",10,"Puzzle"
438,"Grime",2023-12-21 00:00:00.000,2023-12-31 00:00:00.000,"souls‑like metroidvania.",10,"Other"
439,"Turnip Boy Commits Tax Evasion (repeat)",2023-12-21 00:00:00.000,2023-12-31 00:00:00.000,"comedy adventure.",10,"Adventure"
440,"Black Book (repeat)",2023-12-21 00:00:00.000,2023-12-31 00:00:00.000,"card rpg with slavic folklore.",10,"RPG"
441,"Train Sim World 3 (example holiday slot)*",2023-12-21 00:00:00.000,2023-12-31 00:00:00.000,"sim entry appearing in some 2023 holiday lists.",10,"Other"
442,"Additional minor DLC / cosmetics slots (holiday pack group)*",2023-12-21 00:00:00.000,2023-12-31 00:00:00.000,"small bundles grouped in holiday promo.",10,"Other"
443,"Escape Academy (repeat)",2024-01-01 00:00:00.000,2024-01-02 00:00:00.000,"puzzle escape‑room game.",1,"Puzzle"
444,"20 Minutes Till Dawn (repeat)",2024-01-02 00:00:00.000,2024-01-03 00:00:00.000,"survivor‑like shooter.",1,"Shooter"
445,"A Plague Tale: Innocence (repeat)",2024-01-03 00:00:00.000,2024-01-04 00:00:00.000,"story‑driven action adventure.",1,"Action"
496,"Vampire Survivors",2024-12-19 00:00:00.000,2024-12-20 00:00:00.000,"bullet‑heaven roguelike.",1,"Other"
497,"Astrea: Six‑Sided Oracles",2024-12-20 00:00:00.000,2024-12-21 00:00:00.000,"dice‑deck‑building roguelike.",1,"Other"
498,"Wizard of Legend",2024-12-21 00:00:00.000,2024-12-22 00:00:00.000,"fast action roguelike.",1,"Action"
499,"Dark and Darker – Legendary Status (DLC)",2024-12-23 00:00:00.000,2024-12-24 00:00:00.000,"unlock status/bonuses.",1,"Other"
500,"DREDGE",2024-12-24 00:00:00.000,2024-12-25 00:00:00.000,"fishing horror‑tinged adventure.",1,"Adventure"
501,"Control (repeat)",2024-12-25 00:00:00.000,2024-12-26 00:00:00.000,"supernatural action‑adventure.",1,"Action"
502,"Ghostrunner 2",2024-12-26 00:00:00.000,2024-12-27 00:00:00.000,"cyberpunk parkour slasher.",1,"Other"
503,"Hot Wheels Unleashed",2024-12-27 00:00:00.000,2024-12-28 00:00:00.000,"arcade racer.",1,"Other"
504,"KILL KNIGHT",2024-12-28 00:00:00.000,2024-12-29 00:00:00.000,"isometric bullet‑hell.",1,"Other"
505,"Orcs Must Die! 3 (repeat)",2024-12-29 00:00:00.000,2024-12-30 00:00:00.000,"tower‑defense action.",1,"Action"
506,"Sifu",2024-12-30 00:00:00.000,2024-12-31 00:00:00.000,"martial‑arts roguelite.",1,"Other"
507,"REDACTED (mystery day 2024)*",2024-12-30 00:00:00.000,2024-12-31 00:00:00.000,"placeholder used by some leak lists; actual title varied/hidden until reveal.",1,"Other"
508,"Kingdom Come: Deliverance (repeat, New Year slot)",2024-12-31 00:00:00.000,2025-01-01 00:00:00.000,"new year free rerun.",1,"Other"
509,"Hell Let Loose (repeat, final Holiday 2024)",2025-01-01 00:00:00.000,2025-01-02 00:00:00.000,"final game of 2024 holiday sequence.",1,"Other"
